date,ip_index,country,country_code
2010-01-01,86.09237,Canada,CAN
2010-02-01,87.22543,Canada,CAN
2010-03-01,88.34338,Canada,CAN
2010-04-01,88.16998,Canada,CAN
2010-05-01,90.35541,Canada,CAN
2010-06-01,90.93634,Canada,CAN
2010-07-01,90.96571,Canada,CAN
2010-08-01,90.98967,Canada,CAN
2010-09-01,90.5539,Canada,CAN
2010-10-01,91.3165,Canada,CAN
2010-11-01,91.34473,Canada,CAN
2010-12-01,93.07299,Canada,CAN
2011-01-01,92.85825,Canada,CAN
2011-02-01,92.48236,Canada,CAN
2011-03-01,93.53471,Canada,CAN
2011-04-01,93.89805,Canada,CAN
2011-05-01,92.25392,Canada,CAN
2011-06-01,92.8283,Canada,CAN
2011-07-01,94.47385,Canada,CAN
2011-08-01,95.47288,Canada,CAN
2011-09-01,96.11541,Canada,CAN
2011-10-01,95.47972,Canada,CAN
2011-11-01,95.23417,Canada,CAN
2011-12-01,96.14821,Canada,CAN
2012-01-01,96.15933,Canada,CAN
2012-02-01,94.07145,Canada,CAN
2012-03-01,94.23629,Canada,CAN
2012-04-01,95.08273,Canada,CAN
2012-05-01,95.02769,Canada,CAN
2012-06-01,94.48126,Canada,CAN
2012-07-01,94.12335,Canada,CAN
2012-08-01,93.17595,Canada,CAN
2012-09-01,92.86166,Canada,CAN
2012-10-01,92.83657,Canada,CAN
2012-11-01,93.78397,Canada,CAN
2012-12-01,93.37473,Canada,CAN
2013-01-01,94.09569,Canada,CAN
2013-02-01,95.09557,Canada,CAN
2013-03-01,95.68649,Canada,CAN
2013-04-01,95.02256,Canada,CAN
2013-05-01,94.82378,Canada,CAN
2013-06-01,94.53516,Canada,CAN
2013-07-01,94.9216,Canada,CAN
2013-08-01,95.75151,Canada,CAN
2013-09-01,96.54491,Canada,CAN
2013-10-01,97.89358,Canada,CAN
2013-11-01,97.56447,Canada,CAN
2013-12-01,96.72771,Canada,CAN
2014-01-01,97.08991,Canada,CAN
2014-02-01,98.90002,Canada,CAN
2014-03-01,99.21972,Canada,CAN
2014-04-01,100.5188,Canada,CAN
2014-05-01,100.7863,Canada,CAN
2014-06-01,101.6367,Canada,CAN
2014-07-01,101.0467,Canada,CAN
2014-08-01,99.36431,Canada,CAN
2014-09-01,101.2682,Canada,CAN
2014-10-01,102.0788,Canada,CAN
2014-11-01,101.7034,Canada,CAN
2014-12-01,102.1093,Canada,CAN
2015-01-01,101.4177,Canada,CAN
2015-02-01,100.7692,Canada,CAN
2015-03-01,100.1591,Canada,CAN
2015-04-01,99.28503,Canada,CAN
2015-05-01,98.35815,Canada,CAN
2015-06-01,99.15469,Canada,CAN
2015-07-01,100.6106,Canada,CAN
2015-08-01,101.6957,Canada,CAN
2015-09-01,99.53628,Canada,CAN
2015-10-01,99.31012,Canada,CAN
2015-11-01,99.62583,Canada,CAN
2015-12-01,100.0699,Canada,CAN
2016-01-01,100.675,Canada,CAN
2016-02-01,99.74361,Canada,CAN
2016-03-01,98.71379,Canada,CAN
2016-04-01,98.94821,Canada,CAN
2016-05-01,95.1335,Canada,CAN
2016-06-01,97.57616,Canada,CAN
2016-07-01,100.0941,Canada,CAN
2016-08-01,100.4555,Canada,CAN
2016-09-01,101.5851,Canada,CAN
2016-10-01,100.9859,Canada,CAN
2016-11-01,102.1866,Canada,CAN
2016-12-01,102.3417,Canada,CAN
2017-01-01,102.7398,Canada,CAN
2017-02-01,102.5311,Canada,CAN
2017-03-01,103.175,Canada,CAN
2017-04-01,103.6225,Canada,CAN
2017-05-01,104.767,Canada,CAN
2017-06-01,104.4795,Canada,CAN
2017-07-01,104.5742,Canada,CAN
2017-08-01,103.0863,Canada,CAN
2017-09-01,103.3119,Canada,CAN
2017-10-01,102.5584,Canada,CAN
2017-11-01,103.6778,Canada,CAN
2017-12-01,104.0429,Canada,CAN
2018-01-01,104.5009,Canada,CAN
2018-02-01,105.4971,Canada,CAN
2018-03-01,107.0191,Canada,CAN
2018-04-01,107.0303,Canada,CAN
2018-05-01,106.7753,Canada,CAN
2018-06-01,107.6146,Canada,CAN
2018-07-01,108.2865,Canada,CAN
2018-08-01,108.0749,Canada,CAN
2018-09-01,107.9822,Canada,CAN
2018-10-01,108.1357,Canada,CAN
2018-11-01,107.3562,Canada,CAN
2018-12-01,106.21,Canada,CAN
2019-01-01,106.2474,Canada,CAN
2019-02-01,106.1222,Canada,CAN
2019-03-01,107.2952,Canada,CAN
2019-04-01,108.5138,Canada,CAN
2019-05-01,109.1692,Canada,CAN
2019-06-01,108.3113,Canada,CAN
2019-07-01,106.5742,Canada,CAN
2019-08-01,106.5685,Canada,CAN
2019-09-01,106.6512,Canada,CAN
2019-10-01,106.4995,Canada,CAN
2019-11-01,106.0315,Canada,CAN
2019-12-01,105.5849,Canada,CAN
2020-01-01,106.4758,Canada,CAN
2020-02-01,107.6842,Canada,CAN
2020-03-01,100.2467,Canada,CAN
2020-04-01,84.85007,Canada,CAN
2020-05-01,89.49384,Canada,CAN
2020-06-01,94.83833,Canada,CAN
2020-07-01,97.95603,Canada,CAN
2020-08-01,98.30112,Canada,CAN
2020-09-01,99.38113,Canada,CAN
2020-10-01,100.247,Canada,CAN
2020-11-01,101.7901,Canada,CAN
2020-12-01,102.9623,Canada,CAN
2021-01-01,103.898,Canada,CAN
2021-02-01,102.9455,Canada,CAN
2021-03-01,103.4725,Canada,CAN
2021-04-01,101.4471,Canada,CAN
2021-05-01,101.5075,Canada,CAN
2021-06-01,103.4172,Canada,CAN
2021-07-01,103.2788,Canada,CAN
2021-08-01,103.5706,Canada,CAN
2021-09-01,103.3114,Canada,CAN
2021-10-01,105.1651,Canada,CAN
2021-11-01,104.7815,Canada,CAN
2021-12-01,105.3915,Canada,CAN
2022-01-01,106.1168,Canada,CAN
2022-02-01,106.3894,Canada,CAN
2022-03-01,107.3913,Canada,CAN
2022-04-01,108.343,Canada,CAN
2022-05-01,107.9759,Canada,CAN
2022-06-01,108.8244,Canada,CAN
2022-07-01,108.3002,Canada,CAN
2022-08-01,108.2531,Canada,CAN
2022-09-01,108.3273,Canada,CAN
2022-10-01,107.0836,Canada,CAN
2022-11-01,107.2476,Canada,CAN
2022-12-01,106.1678,Canada,CAN
2023-01-01,107.2042,Canada,CAN
2023-02-01,107.7033,Canada,CAN
2023-03-01,108.1539,Canada,CAN
2023-04-01,107.9751,Canada,CAN
2023-05-01,107.7729,Canada,CAN
2023-06-01,107.9314,Canada,CAN
2023-07-01,107.4483,Canada,CAN
2023-08-01,107.1201,Canada,CAN
2023-09-01,106.6857,Canada,CAN
2023-10-01,106.7325,Canada,CAN
2023-11-01,108.2825,Canada,CAN
2023-12-01,107.8279,Canada,CAN
2024-01-01,107.5598,Canada,CAN
2024-02-01,107.7144,Canada,CAN
2010-01-01,86.40464,Germany,DEU
2010-02-01,85.53479,Germany,DEU
2010-03-01,87.56443,Germany,DEU
2010-04-01,89.30412,Germany,DEU
2010-05-01,92.20361,Germany,DEU
2010-06-01,91.23711,Germany,DEU
2010-07-01,91.23711,Germany,DEU
2010-08-01,92.3969,Germany,DEU
2010-09-01,93.5567,Germany,DEU
2010-10-01,95.58634,Germany,DEU
2010-11-01,95.00645,Germany,DEU
2010-12-01,96.84278,Germany,DEU
2011-01-01,96.16624,Germany,DEU
2011-02-01,97.13273,Germany,DEU
2011-03-01,97.51933,Germany,DEU
2011-04-01,97.71263,Germany,DEU
2011-05-01,98.67912,Germany,DEU
2011-06-01,97.13273,Germany,DEU
2011-07-01,100.2255,Germany,DEU
2011-08-01,99.45232,Germany,DEU
2011-09-01,97.90593,Germany,DEU
2011-10-01,99.06572,Germany,DEU
2011-11-01,98.38918,Germany,DEU
2011-12-01,97.32603,Germany,DEU
2012-01-01,97.71263,Germany,DEU
2012-02-01,98.09923,Germany,DEU
2012-03-01,98.87242,Germany,DEU
2012-04-01,97.42268,Germany,DEU
2012-05-01,99.06572,Germany,DEU
2012-06-01,98.00258,Germany,DEU
2012-07-01,98.77577,Germany,DEU
2012-08-01,98.96907,Germany,DEU
2012-09-01,97.71263,Germany,DEU
2012-10-01,96.35954,Germany,DEU
2012-11-01,95.68299,Germany,DEU
2012-12-01,96.16624,Germany,DEU
2013-01-01,95.29639,Germany,DEU
2013-02-01,95.97294,Germany,DEU
2013-03-01,97.71263,Germany,DEU
2013-04-01,97.61598,Germany,DEU
2013-05-01,96.84278,Germany,DEU
2013-06-01,98.58247,Germany,DEU
2013-07-01,97.03608,Germany,DEU
2013-08-01,98.96907,Germany,DEU
2013-09-01,98.67912,Germany,DEU
2013-10-01,98.00258,Germany,DEU
2013-11-01,99.64562,Germany,DEU
2013-12-01,99.83892,Germany,DEU
2014-01-01,99.16237,Germany,DEU
2014-02-01,99.16237,Germany,DEU
2014-03-01,99.45232,Germany,DEU
2014-04-01,99.06572,Germany,DEU
2014-05-01,98.58247,Germany,DEU
2014-06-01,98.67912,Germany,DEU
2014-07-01,100.3222,Germany,DEU
2014-08-01,96.74613,Germany,DEU
2014-09-01,99.16237,Germany,DEU
2014-10-01,99.45232,Germany,DEU
2014-11-01,99.35567,Germany,DEU
2014-12-01,100.9987,Germany,DEU
2015-01-01,98.58247,Germany,DEU
2015-02-01,99.64562,Germany,DEU
2015-03-01,99.64562,Germany,DEU
2015-04-01,100.4188,Germany,DEU
2015-05-01,100.6121,Germany,DEU
2015-06-01,100.5155,Germany,DEU
2015-07-01,101.9652,Germany,DEU
2015-08-01,99.45232,Germany,DEU
2015-09-01,99.64562,Germany,DEU
2015-10-01,100.5155,Germany,DEU
2015-11-01,99.25902,Germany,DEU
2015-12-01,99.74227,Germany,DEU
2016-01-01,101.2887,Germany,DEU
2016-02-01,101.0954,Germany,DEU
2016-03-01,100.3222,Germany,DEU
2016-04-01,100.9987,Germany,DEU
2016-05-01,99.35567,Germany,DEU
2016-06-01,101.192,Germany,DEU
2016-07-01,99.93557,Germany,DEU
2016-08-01,101.482,Germany,DEU
2016-09-01,101.192,Germany,DEU
2016-10-01,101.8686,Germany,DEU
2016-11-01,101.6753,Germany,DEU
2016-12-01,99.35567,Germany,DEU
2017-01-01,101.0954,Germany,DEU
2017-02-01,101.8686,Germany,DEU
2017-03-01,101.3853,Germany,DEU
2017-04-01,103.3183,Germany,DEU
2017-05-01,103.6082,Germany,DEU
2017-06-01,103.4149,Germany,DEU
2017-07-01,103.8982,Germany,DEU
2017-08-01,106.3144,Germany,DEU
2017-09-01,105.2513,Germany,DEU
2017-10-01,103.7049,Germany,DEU
2017-11-01,107.3776,Germany,DEU
2017-12-01,106.6044,Germany,DEU
2018-01-01,105.9278,Germany,DEU
2018-02-01,104.1881,Germany,DEU
2018-03-01,105.8312,Germany,DEU
2018-04-01,105.1546,Germany,DEU
2018-05-01,106.701,Germany,DEU
2018-06-01,106.4111,Germany,DEU
2018-07-01,104.5747,Germany,DEU
2018-08-01,106.0245,Germany,DEU
2018-09-01,104.768,Germany,DEU
2018-10-01,104.4781,Germany,DEU
2018-11-01,102.5451,Germany,DEU
2018-12-01,103.7049,Germany,DEU
2019-01-01,103.4149,Germany,DEU
2019-02-01,102.8351,Germany,DEU
2019-03-01,103.8982,Germany,DEU
2019-04-01,102.4485,Germany,DEU
2019-05-01,102.8351,Germany,DEU
2019-06-01,101.5786,Germany,DEU
2019-07-01,101.192,Germany,DEU
2019-08-01,101.5786,Germany,DEU
2019-09-01,100.6121,Germany,DEU
2019-10-01,100.0322,Germany,DEU
2019-11-01,100.3222,Germany,DEU
2019-12-01,98.00258,Germany,DEU
2020-01-01,100.9987,Germany,DEU
2020-02-01,101.5786,Germany,DEU
2020-03-01,91.23711,Germany,DEU
2020-04-01,71.71392,Germany,DEU
2020-05-01,79.73582,Germany,DEU
2020-06-01,89.01418,Germany,DEU
2020-07-01,90.94717,Germany,DEU
2020-08-01,90.85052,Germany,DEU
2020-09-01,93.1701,Germany,DEU
2020-10-01,96.74613,Germany,DEU
2020-11-01,97.90593,Germany,DEU
2020-12-01,97.80928,Germany,DEU
2021-01-01,98.38918,Germany,DEU
2021-02-01,96.64948,Germany,DEU
2021-03-01,98.19588,Germany,DEU
2021-04-01,98.19588,Germany,DEU
2021-05-01,96.64948,Germany,DEU
2021-06-01,95.1031,Germany,DEU
2021-07-01,96.64948,Germany,DEU
2021-08-01,91.81701,Germany,DEU
2021-09-01,92.10696,Germany,DEU
2021-10-01,95.58634,Germany,DEU
2021-11-01,96.16624,Germany,DEU
2021-12-01,97.22938,Germany,DEU
2022-01-01,97.03608,Germany,DEU
2022-02-01,97.61598,Germany,DEU
2022-03-01,92.68686,Germany,DEU
2022-04-01,94.42654,Germany,DEU
2022-05-01,94.81314,Germany,DEU
2022-06-01,95.68299,Germany,DEU
2022-07-01,95.58634,Germany,DEU
2022-08-01,94.52319,Germany,DEU
2022-09-01,96.45618,Germany,DEU
2022-10-01,95.39304,Germany,DEU
2022-11-01,96.35954,Germany,DEU
2022-12-01,94.23325,Germany,DEU
2023-01-01,96.06959,Germany,DEU
2023-02-01,97.90593,Germany,DEU
2023-03-01,95.68299,Germany,DEU
2023-04-01,95.39304,Germany,DEU
2023-05-01,95.29639,Germany,DEU
2023-06-01,93.9433,Germany,DEU
2023-07-01,92.88016,Germany,DEU
2023-08-01,92.78351,Germany,DEU
2023-09-01,91.72036,Germany,DEU
2023-10-01,91.72036,Germany,DEU
2023-11-01,91.81701,Germany,DEU
2023-12-01,90.17397,Germany,DEU
2024-01-01,91.04382,Germany,DEU
2024-02-01,92.10696,Germany,DEU
2024-03-01,91.43041,Germany,DEU
2010-01-01,98.35004,France,FRA
2010-02-01,97.69301,France,FRA
2010-03-01,99.61509,France,FRA
2010-04-01,99.25225,France,FRA
2010-05-01,100.0172,France,FRA
2010-06-01,99.6347,France,FRA
2010-07-01,100.3408,France,FRA
2010-08-01,99.16399,France,FRA
2010-09-01,100.5075,France,FRA
2010-10-01,100.2917,France,FRA
2010-11-01,101.596,France,FRA
2010-12-01,102.9297,France,FRA
2011-01-01,104.1457,France,FRA
2011-02-01,104.5086,France,FRA
2011-03-01,103.1749,France,FRA
2011-04-01,101.4489,France,FRA
2011-05-01,104.7635,France,FRA
2011-06-01,101.9196,France,FRA
2011-07-01,103.0278,France,FRA
2011-08-01,102.1452,France,FRA
2011-09-01,101.4489,France,FRA
2011-10-01,101.6549,France,FRA
2011-11-01,103.724,France,FRA
2011-12-01,101.6843,France,FRA
2012-01-01,101.1743,France,FRA
2012-02-01,102.1746,France,FRA
2012-03-01,101.3803,France,FRA
2012-04-01,101.596,France,FRA
2012-05-01,100.0956,France,FRA
2012-06-01,99.24244,France,FRA
2012-07-01,99.85045,France,FRA
2012-08-01,101.8804,France,FRA
2012-09-01,99.84064,France,FRA
2012-10-01,98.41869,France,FRA
2012-11-01,98.51675,France,FRA
2012-12-01,98.98747,France,FRA
2013-01-01,98.82076,France,FRA
2013-02-01,100.3996,France,FRA
2013-03-01,100.5663,France,FRA
2013-04-01,101.8804,France,FRA
2013-05-01,101.4881,France,FRA
2013-06-01,100.027,France,FRA
2013-07-01,99.39935,France,FRA
2013-08-01,98.64424,France,FRA
2013-09-01,99.61509,France,FRA
2013-10-01,99.1738,France,FRA
2013-11-01,100.6252,France,FRA
2013-12-01,99.60529,France,FRA
2014-01-01,98.26179,France,FRA
2014-02-01,100.1348,France,FRA
2014-03-01,99.4778,France,FRA
2014-04-01,99.45819,France,FRA
2014-05-01,97.90875,France,FRA
2014-06-01,99.30128,France,FRA
2014-07-01,100.0956,France,FRA
2014-08-01,98.50695,France,FRA
2014-09-01,99.75239,France,FRA
2014-10-01,98.1343,France,FRA
2014-11-01,96.74177,France,FRA
2014-12-01,100.1741,France,FRA
2015-01-01,99.80141,France,FRA
2015-02-01,100.8017,France,FRA
2015-03-01,100.6252,France,FRA
2015-04-01,99.58567,France,FRA
2015-05-01,100.331,France,FRA
2015-06-01,100.5565,France,FRA
2015-07-01,99.64451,France,FRA
2015-08-01,100.5859,France,FRA
2015-09-01,101.6254,France,FRA
2015-10-01,101.6941,France,FRA
2015-11-01,99.43858,France,FRA
2015-12-01,99.78181,France,FRA
2016-01-01,101.341,France,FRA
2016-02-01,101.2528,France,FRA
2016-03-01,100.4781,France,FRA
2016-04-01,101.9294,France,FRA
2016-05-01,100.1839,France,FRA
2016-06-01,99.57587,France,FRA
2016-07-01,99.57587,France,FRA
2016-08-01,101.3607,France,FRA
2016-09-01,100.4094,France,FRA
2016-10-01,100.027,France,FRA
2016-11-01,102.1158,France,FRA
2016-12-01,101.4097,France,FRA
2017-01-01,101.4293,France,FRA
2017-02-01,100.7527,France,FRA
2017-03-01,102.4198,France,FRA
2017-04-01,101.4489,France,FRA
2017-05-01,103.6848,France,FRA
2017-06-01,102.5571,France,FRA
2017-07-01,102.6257,France,FRA
2017-08-01,102.9984,France,FRA
2017-09-01,104.1359,France,FRA
2017-10-01,104.6164,France,FRA
2017-11-01,104.8126,France,FRA
2017-12-01,106.2051,France,FRA
2018-01-01,102.4786,France,FRA
2018-02-01,104.1457,France,FRA
2018-03-01,104.8322,France,FRA
2018-04-01,103.7535,France,FRA
2018-05-01,102.4688,France,FRA
2018-06-01,104.5772,France,FRA
2018-07-01,104.0673,France,FRA
2018-08-01,104.3517,France,FRA
2018-09-01,103.2337,France,FRA
2018-10-01,104.7243,France,FRA
2018-11-01,103.4102,France,FRA
2018-12-01,104.6557,France,FRA
2019-01-01,105.1754,France,FRA
2019-02-01,105.3912,France,FRA
2019-03-01,105.0872,France,FRA
2019-04-01,105.2048,France,FRA
2019-05-01,106.7837,France,FRA
2019-06-01,103.7927,France,FRA
2019-07-01,104.7635,France,FRA
2019-08-01,103.2435,France,FRA
2019-09-01,104.5184,France,FRA
2019-10-01,104.3615,France,FRA
2019-11-01,103.5279,France,FRA
2019-12-01,101.4489,France,FRA
2020-01-01,102.3805,France,FRA
2020-02-01,104.1751,France,FRA
2020-03-01,85.98396,France,FRA
2020-04-01,68.45963,France,FRA
2020-05-01,81.37488,France,FRA
2020-06-01,91.54429,France,FRA
2020-07-01,95.20214,France,FRA
2020-08-01,95.89841,France,FRA
2020-09-01,97.46745,France,FRA
2020-10-01,99.88968,France,FRA
2020-11-01,98.10488,France,FRA
2020-12-01,97.389,France,FRA
2021-01-01,100.3408,France,FRA
2021-02-01,96.4966,France,FRA
2021-03-01,98.36966,France,FRA
2021-04-01,98.01662,France,FRA
2021-05-01,97.73223,France,FRA
2021-06-01,97.81068,France,FRA
2021-07-01,98.16372,France,FRA
2021-08-01,98.29121,France,FRA
2021-09-01,96.95751,France,FRA
2021-10-01,99.04631,France,FRA
2021-11-01,97.71262,France,FRA
2021-12-01,97.84991,France,FRA
2022-01-01,99.79161,France,FRA
2022-02-01,98.26179,France,FRA
2022-03-01,98.17353,France,FRA
2022-04-01,97.44784,France,FRA
2022-05-01,97.40862,France,FRA
2022-06-01,98.81095,France,FRA
2022-07-01,97.43803,France,FRA
2022-08-01,99.83083,France,FRA
2022-09-01,98.95805,France,FRA
2022-10-01,95.28059,France,FRA
2022-11-01,97.42823,France,FRA
2022-12-01,98.5756,France,FRA
2023-01-01,97.31055,France,FRA
2023-02-01,98.97767,France,FRA
2023-03-01,97.41842,France,FRA
2023-04-01,98.03623,France,FRA
2023-05-01,99.24244,France,FRA
2023-06-01,98.70308,France,FRA
2023-07-01,98.56579,France,FRA
2023-08-01,98.94824,France,FRA
2023-09-01,98.76192,France,FRA
2023-10-01,98.18333,France,FRA
2023-11-01,98.72269,France,FRA
2023-12-01,99.08554,France,FRA
2024-01-01,98.16372,France,FRA
2024-02-01,98.40888,France,FRA
2024-03-01,98.08527,France,FRA
2010-01-01,97.10374,United Kingdom,GBR
2010-02-01,98.05161,United Kingdom,GBR
2010-03-01,99.21011,United Kingdom,GBR
2010-04-01,97.10374,United Kingdom,GBR
2010-05-01,97.10374,United Kingdom,GBR
2010-06-01,95.7346,United Kingdom,GBR
2010-07-01,94.89205,United Kingdom,GBR
2010-08-01,94.78673,United Kingdom,GBR
2010-09-01,93.94418,United Kingdom,GBR
2010-10-01,95.62928,United Kingdom,GBR
2010-11-01,93.73354,United Kingdom,GBR
2010-12-01,92.891,United Kingdom,GBR
2011-01-01,93.83886,United Kingdom,GBR
2011-02-01,91.20589,United Kingdom,GBR
2011-03-01,90.67931,United Kingdom,GBR
2011-04-01,90.04739,United Kingdom,GBR
2011-05-01,90.88994,United Kingdom,GBR
2011-06-01,91.10058,United Kingdom,GBR
2011-07-01,90.78462,United Kingdom,GBR
2011-08-01,90.78462,United Kingdom,GBR
2011-09-01,91.10058,United Kingdom,GBR
2011-10-01,90.78462,United Kingdom,GBR
2011-11-01,91.20589,United Kingdom,GBR
2011-12-01,92.04845,United Kingdom,GBR
2012-01-01,91.94313,United Kingdom,GBR
2012-02-01,91.20589,United Kingdom,GBR
2012-03-01,91.52185,United Kingdom,GBR
2012-04-01,91.73249,United Kingdom,GBR
2012-05-01,92.46972,United Kingdom,GBR
2012-06-01,91.20589,United Kingdom,GBR
2012-07-01,93.31227,United Kingdom,GBR
2012-08-01,92.57504,United Kingdom,GBR
2012-09-01,90.25803,United Kingdom,GBR
2012-10-01,90.88994,United Kingdom,GBR
2012-11-01,91.62717,United Kingdom,GBR
2012-12-01,92.78568,United Kingdom,GBR
2013-01-01,91.52185,United Kingdom,GBR
2013-02-01,91.94313,United Kingdom,GBR
2013-03-01,92.99632,United Kingdom,GBR
2013-04-01,92.891,United Kingdom,GBR
2013-05-01,93.20695,United Kingdom,GBR
2013-06-01,94.26014,United Kingdom,GBR
2013-07-01,94.26014,United Kingdom,GBR
2013-08-01,93.73354,United Kingdom,GBR
2013-09-01,94.99737,United Kingdom,GBR
2013-10-01,94.47077,United Kingdom,GBR
2013-11-01,94.5761,United Kingdom,GBR
2013-12-01,94.5761,United Kingdom,GBR
2014-01-01,94.78673,United Kingdom,GBR
2014-02-01,95.31332,United Kingdom,GBR
2014-03-01,94.5761,United Kingdom,GBR
2014-04-01,94.99737,United Kingdom,GBR
2014-05-01,94.47077,United Kingdom,GBR
2014-06-01,94.78673,United Kingdom,GBR
2014-07-01,95.7346,United Kingdom,GBR
2014-08-01,95.20801,United Kingdom,GBR
2014-09-01,96.05055,United Kingdom,GBR
2014-10-01,96.05055,United Kingdom,GBR
2014-11-01,96.36651,United Kingdom,GBR
2014-12-01,97.84097,United Kingdom,GBR
2015-01-01,97.20906,United Kingdom,GBR
2015-02-01,98.36756,United Kingdom,GBR
2015-03-01,99.52607,United Kingdom,GBR
2015-04-01,100.0527,United Kingdom,GBR
2015-05-01,100.4739,United Kingdom,GBR
2015-06-01,100.5793,United Kingdom,GBR
2015-07-01,100.3686,United Kingdom,GBR
2015-08-01,100.8952,United Kingdom,GBR
2015-09-01,100.7899,United Kingdom,GBR
2015-10-01,101.6324,United Kingdom,GBR
2015-11-01,100.2633,United Kingdom,GBR
2015-12-01,99.84203,United Kingdom,GBR
2016-01-01,100.3686,United Kingdom,GBR
2016-02-01,99.84203,United Kingdom,GBR
2016-03-01,99.84203,United Kingdom,GBR
2016-04-01,102.475,United Kingdom,GBR
2016-05-01,100.8952,United Kingdom,GBR
2016-06-01,99.94734,United Kingdom,GBR
2016-07-01,99.94734,United Kingdom,GBR
2016-08-01,99.52607,United Kingdom,GBR
2016-09-01,99.63139,United Kingdom,GBR
2016-10-01,97.41969,United Kingdom,GBR
2016-11-01,98.99947,United Kingdom,GBR
2016-12-01,101.1058,United Kingdom,GBR
2017-01-01,100.158,United Kingdom,GBR
2017-02-01,99.31543,United Kingdom,GBR
2017-03-01,98.47288,United Kingdom,GBR
2017-04-01,98.89416,United Kingdom,GBR
2017-05-01,99.31543,United Kingdom,GBR
2017-06-01,99.31543,United Kingdom,GBR
2017-07-01,99.7367,United Kingdom,GBR
2017-08-01,99.94734,United Kingdom,GBR
2017-09-01,101.9484,United Kingdom,GBR
2017-10-01,102.3697,United Kingdom,GBR
2017-11-01,102.7909,United Kingdom,GBR
2017-12-01,102.5803,United Kingdom,GBR
2018-01-01,103.9494,United Kingdom,GBR
2018-02-01,104.6867,United Kingdom,GBR
2018-03-01,104.2654,United Kingdom,GBR
2018-04-01,103.7388,United Kingdom,GBR
2018-05-01,103.1069,United Kingdom,GBR
2018-06-01,105.4239,United Kingdom,GBR
2018-07-01,103.9494,United Kingdom,GBR
2018-08-01,103.9494,United Kingdom,GBR
2018-09-01,103.6335,United Kingdom,GBR
2018-10-01,102.7909,United Kingdom,GBR
2018-11-01,101.6324,United Kingdom,GBR
2018-12-01,101.2112,United Kingdom,GBR
2019-01-01,102.5803,United Kingdom,GBR
2019-02-01,103.2122,United Kingdom,GBR
2019-03-01,104.2654,United Kingdom,GBR
2019-04-01,102.475,United Kingdom,GBR
2019-05-01,103.8441,United Kingdom,GBR
2019-06-01,104.3707,United Kingdom,GBR
2019-07-01,105.3186,United Kingdom,GBR
2019-08-01,104.792,United Kingdom,GBR
2019-09-01,106.6877,United Kingdom,GBR
2019-10-01,108.1622,United Kingdom,GBR
2019-11-01,108.4781,United Kingdom,GBR
2019-12-01,109.6367,United Kingdom,GBR
2020-01-01,111.4271,United Kingdom,GBR
2020-02-01,113.2175,United Kingdom,GBR
2020-03-01,104.5814,United Kingdom,GBR
2020-04-01,88.57293,United Kingdom,GBR
2020-05-01,95.41864,United Kingdom,GBR
2020-06-01,105.5292,United Kingdom,GBR
2020-07-01,110.4792,United Kingdom,GBR
2020-08-01,112.9015,United Kingdom,GBR
2020-09-01,113.2175,United Kingdom,GBR
2020-10-01,113.0068,United Kingdom,GBR
2020-11-01,113.3228,United Kingdom,GBR
2020-12-01,111.4271,United Kingdom,GBR
2021-01-01,107.8462,United Kingdom,GBR
2021-02-01,106.8984,United Kingdom,GBR
2021-03-01,106.3718,United Kingdom,GBR
2021-04-01,104.8973,United Kingdom,GBR
2021-05-01,104.792,United Kingdom,GBR
2021-06-01,103.1069,United Kingdom,GBR
2021-07-01,102.0537,United Kingdom,GBR
2021-08-01,102.159,United Kingdom,GBR
2021-09-01,101.0005,United Kingdom,GBR
2021-10-01,100.158,United Kingdom,GBR
2021-11-01,101.7378,United Kingdom,GBR
2021-12-01,101.9484,United Kingdom,GBR
2022-01-01,101.5271,United Kingdom,GBR
2022-02-01,101.2112,United Kingdom,GBR
2022-03-01,100.8952,United Kingdom,GBR
2022-04-01,100.7899,United Kingdom,GBR
2022-05-01,101.0005,United Kingdom,GBR
2022-06-01,100.0527,United Kingdom,GBR
2022-07-01,99.52607,United Kingdom,GBR
2022-08-01,98.99947,United Kingdom,GBR
2022-09-01,98.78883,United Kingdom,GBR
2022-10-01,99.21011,United Kingdom,GBR
2022-11-01,98.99947,United Kingdom,GBR
2022-12-01,99.10479,United Kingdom,GBR
2023-01-01,98.99947,United Kingdom,GBR
2023-02-01,99.10479,United Kingdom,GBR
2023-03-01,99.7367,United Kingdom,GBR
2023-04-01,99.84203,United Kingdom,GBR
2023-05-01,98.89416,United Kingdom,GBR
2023-06-01,101.5271,United Kingdom,GBR
2023-07-01,100.4739,United Kingdom,GBR
2023-08-01,100.0527,United Kingdom,GBR
2023-09-01,99.84203,United Kingdom,GBR
2023-10-01,98.47288,United Kingdom,GBR
2023-11-01,98.99947,United Kingdom,GBR
2023-12-01,99.63139,United Kingdom,GBR
2024-01-01,99.10479,United Kingdom,GBR
2024-02-01,100.0527,United Kingdom,GBR
2024-03-01,100.2633,United Kingdom,GBR
2010-01-01,101.0991,Japan,JPN
2010-02-01,101.407,Japan,JPN
2010-03-01,101.7149,Japan,JPN
2010-04-01,102.9466,Japan,JPN
2010-05-01,102.536,Japan,JPN
2010-06-01,101.9202,Japan,JPN
2010-07-01,103.1519,Japan,JPN
2010-08-01,103.6651,Japan,JPN
2010-09-01,104.9994,Japan,JPN
2010-10-01,102.0229,Japan,JPN
2010-11-01,103.7677,Japan,JPN
2010-12-01,104.0756,Japan,JPN
2011-01-01,104.7941,Japan,JPN
2011-02-01,105.2046,Japan,JPN
2011-03-01,88.57718,Japan,JPN
2011-04-01,90.2194,Japan,JPN
2011-05-01,96.17244,Japan,JPN
2011-06-01,100.0727,Japan,JPN
2011-07-01,100.9965,Japan,JPN
2011-08-01,102.536,Japan,JPN
2011-09-01,101.9202,Japan,JPN
2011-10-01,103.5624,Japan,JPN
2011-11-01,101.5097,Japan,JPN
2011-12-01,103.5624,Japan,JPN
2012-01-01,103.8703,Japan,JPN
2012-02-01,103.6651,Japan,JPN
2012-03-01,103.4598,Japan,JPN
2012-04-01,102.9466,Japan,JPN
2012-05-01,101.0991,Japan,JPN
2012-06-01,100.3806,Japan,JPN
2012-07-01,99.86744,Japan,JPN
2012-08-01,98.63577,Japan,JPN
2012-09-01,96.48036,Japan,JPN
2012-10-01,96.78828,Japan,JPN
2012-11-01,96.0698,Japan,JPN
2012-12-01,97.40411,Japan,JPN
2013-01-01,95.39062,Japan,JPN
2013-02-01,96.99046,Japan,JPN
2013-03-01,97.89037,Japan,JPN
2013-04-01,98.09035,Japan,JPN
2013-05-01,99.5902,Japan,JPN
2013-06-01,98.5903,Japan,JPN
2013-07-01,100.0901,Japan,JPN
2013-08-01,100.3901,Japan,JPN
2013-09-01,101.19,Japan,JPN
2013-10-01,101.49,Japan,JPN
2013-11-01,101.89,Japan,JPN
2013-12-01,101.89,Japan,JPN
2014-01-01,103.5898,Japan,JPN
2014-02-01,102.8899,Japan,JPN
2014-03-01,104.2897,Japan,JPN
2014-04-01,99.79018,Japan,JPN
2014-05-01,101.89,Japan,JPN
2014-06-01,100.5901,Japan,JPN
2014-07-01,100.3901,Japan,JPN
2014-08-01,99.49021,Japan,JPN
2014-09-01,100.5901,Japan,JPN
2014-10-01,100.5901,Japan,JPN
2014-11-01,100.5901,Japan,JPN
2014-12-01,100.1901,Japan,JPN
2015-01-01,102.6899,Japan,JPN
2015-02-01,99.79018,Japan,JPN
2015-03-01,99.29023,Japan,JPN
2015-04-01,99.69019,Japan,JPN
2015-05-01,99.69019,Japan,JPN
2015-06-01,100.4901,Japan,JPN
2015-07-01,100.3901,Japan,JPN
2015-08-01,98.79028,Japan,JPN
2015-09-01,100.4901,Japan,JPN
2015-10-01,100.5901,Japan,JPN
2015-11-01,99.99016,Japan,JPN
2015-12-01,98.09035,Japan,JPN
2016-01-01,100.2901,Japan,JPN
2016-02-01,99.49021,Japan,JPN
2016-03-01,99.89017,Japan,JPN
2016-04-01,99.19024,Japan,JPN
2016-05-01,98.69029,Japan,JPN
2016-06-01,99.19024,Japan,JPN
2016-07-01,99.69019,Japan,JPN
2016-08-01,100.5901,Japan,JPN
2016-09-01,100.9901,Japan,JPN
2016-10-01,101.09,Japan,JPN
2016-11-01,102.09,Japan,JPN
2016-12-01,101.49,Japan,JPN
2017-01-01,100.6901,Japan,JPN
2017-02-01,101.39,Japan,JPN
2017-03-01,101.49,Japan,JPN
2017-04-01,103.7898,Japan,JPN
2017-05-01,102.1899,Japan,JPN
2017-06-01,102.9899,Japan,JPN
2017-07-01,102.4899,Japan,JPN
2017-08-01,103.7898,Japan,JPN
2017-09-01,102.5899,Japan,JPN
2017-10-01,103.1898,Japan,JPN
2017-11-01,103.9898,Japan,JPN
2017-12-01,105.4896,Japan,JPN
2018-01-01,102.1546,Japan,JPN
2018-02-01,104.1594,Japan,JPN
2018-03-01,105.1618,Japan,JPN
2018-04-01,103.8861,Japan,JPN
2018-05-01,104.1594,Japan,JPN
2018-06-01,103.7038,Japan,JPN
2018-07-01,103.5215,Japan,JPN
2018-08-01,103.8861,Japan,JPN
2018-09-01,102.1546,Japan,JPN
2018-10-01,105.8909,Japan,JPN
2018-11-01,104.3417,Japan,JPN
2018-12-01,104.4328,Japan,JPN
2019-01-01,101.9724,Japan,JPN
2019-02-01,103.5215,Japan,JPN
2019-03-01,102.7014,Japan,JPN
2019-04-01,102.5191,Japan,JPN
2019-05-01,103.6127,Japan,JPN
2019-06-01,102.3369,Japan,JPN
2019-07-01,102.2458,Japan,JPN
2019-08-01,101.2433,Japan,JPN
2019-09-01,102.428,Japan,JPN
2019-10-01,98.78288,Japan,JPN
2019-11-01,98.05386,Japan,JPN
2019-12-01,98.41837,Japan,JPN
2020-01-01,98.5095,Japan,JPN
2020-02-01,96.04903,Japan,JPN
2020-03-01,96.14017,Japan,JPN
2020-04-01,87.11848,Japan,JPN
2020-05-01,79.73711,Japan,JPN
2020-06-01,81.92418,Japan,JPN
2020-07-01,86.57172,Japan,JPN
2020-08-01,89.1233,Japan,JPN
2020-09-01,91.03699,Japan,JPN
2020-10-01,95.22888,Japan,JPN
2020-11-01,94.49986,Japan,JPN
2020-12-01,94.40873,Japan,JPN
2021-01-01,96.96032,Japan,JPN
2021-02-01,96.14017,Japan,JPN
2021-03-01,96.77806,Japan,JPN
2021-04-01,98.78288,Japan,JPN
2021-05-01,94.68211,Japan,JPN
2021-06-01,98.87401,Japan,JPN
2021-07-01,97.41596,Japan,JPN
2021-08-01,94.3176,Japan,JPN
2021-09-01,89.57894,Japan,JPN
2021-10-01,93.49745,Japan,JPN
2021-11-01,97.59821,Japan,JPN
2021-12-01,96.32242,Japan,JPN
2022-01-01,95.68452,Japan,JPN
2022-02-01,96.68694,Japan,JPN
2022-03-01,96.04903,Japan,JPN
2022-04-01,95.68452,Japan,JPN
2022-05-01,91.12812,Japan,JPN
2022-06-01,96.14017,Japan,JPN
2022-07-01,96.5958,Japan,JPN
2022-08-01,97.96273,Japan,JPN
2022-09-01,97.14258,Japan,JPN
2022-10-01,96.86919,Japan,JPN
2022-11-01,96.14017,Japan,JPN
2022-12-01,95.86678,Japan,JPN
2023-01-01,92.13053,Japan,JPN
2023-02-01,95.13776,Japan,JPN
2023-03-01,95.13776,Japan,JPN
2023-04-01,95.50227,Japan,JPN
2023-05-01,93.13293,Japan,JPN
2023-06-01,95.50227,Japan,JPN
2023-07-01,94.3176,Japan,JPN
2023-08-01,94.04422,Japan,JPN
2023-09-01,94.13535,Japan,JPN
2023-10-01,95.22888,Japan,JPN
2023-11-01,94.68211,Japan,JPN
2023-12-01,95.5934,Japan,JPN
2024-01-01,89.21443,Japan,JPN
2024-02-01,88.75879,Japan,JPN
2024-03-01,92.31278,Japan,JPN
2010-01-01,89.3426,United States,USA
2010-02-01,89.6779,United States,USA
2010-03-01,90.2928,United States,USA
2010-04-01,90.5991,United States,USA
2010-05-01,91.823,United States,USA
2010-06-01,91.9928,United States,USA
2010-07-01,92.3421,United States,USA
2010-08-01,92.6805,United States,USA
2010-09-01,92.9537,United States,USA
2010-10-01,92.6903,United States,USA
2010-11-01,92.7709,United States,USA
2010-12-01,93.6787,United States,USA
2011-01-01,93.4814,United States,USA
2011-02-01,93.1102,United States,USA
2011-03-01,94.0788,United States,USA
2011-04-01,93.7749,United States,USA
2011-05-01,93.888,United States,USA
2011-06-01,94.172,United States,USA
2011-07-01,94.636,United States,USA
2011-08-01,95.2749,United States,USA
2011-09-01,95.1961,United States,USA
2011-10-01,95.8568,United States,USA
2011-11-01,95.8485,United States,USA
2011-12-01,96.3571,United States,USA
2012-01-01,96.9318,United States,USA
2012-02-01,97.2435,United States,USA
2012-03-01,96.74,United States,USA
2012-04-01,97.4359,United States,USA
2012-05-01,97.6609,United States,USA
2012-06-01,97.6663,United States,USA
2012-07-01,97.8713,United States,USA
2012-08-01,97.4525,United States,USA
2012-09-01,97.381,United States,USA
2012-10-01,97.7193,United States,USA
2012-11-01,98.0777,United States,USA
2012-12-01,98.3101,United States,USA
2013-01-01,98.3342,United States,USA
2013-02-01,98.7941,United States,USA
2013-03-01,99.1921,United States,USA
2013-04-01,99.1065,United States,USA
2013-05-01,99.1839,United States,USA
2013-06-01,99.3897,United States,USA
2013-07-01,99.0814,United States,USA
2013-08-01,99.6543,United States,USA
2013-09-01,100.161,United States,USA
2013-10-01,100.082,United States,USA
2013-11-01,100.3158,United States,USA
2013-12-01,100.5175,United States,USA
2014-01-01,100.1599,United States,USA
2014-02-01,100.9168,United States,USA
2014-03-01,101.8942,United States,USA
2014-04-01,101.9928,United States,USA
2014-05-01,102.3836,United States,USA
2014-06-01,102.735,United States,USA
2014-07-01,102.9632,United States,USA
2014-08-01,102.7688,United States,USA
2014-09-01,103.0641,United States,USA
2014-10-01,103.0764,United States,USA
2014-11-01,103.7126,United States,USA
2014-12-01,103.7044,United States,USA
2015-01-01,102.8905,United States,USA
2015-02-01,102.2335,United States,USA
2015-03-01,101.8914,United States,USA
2015-04-01,101.3355,United States,USA
2015-05-01,100.8883,United States,USA
2015-06-01,100.571,United States,USA
2015-07-01,101.2228,United States,USA
2015-08-01,101.0367,United States,USA
2015-09-01,100.7547,United States,USA
2015-10-01,100.2675,United States,USA
2015-11-01,99.5298,United States,USA
2015-12-01,99.0417,United States,USA
2016-01-01,99.5607,United States,USA
2016-02-01,99.0445,United States,USA
2016-03-01,98.3096,United States,USA
2016-04-01,98.6421,United States,USA
2016-05-01,98.4184,United States,USA
2016-06-01,98.8833,United States,USA
2016-07-01,98.9992,United States,USA
2016-08-01,98.85,United States,USA
2016-09-01,98.7457,United States,USA
2016-10-01,98.7611,United States,USA
2016-11-01,98.3491,United States,USA
2016-12-01,99.0214,United States,USA
2017-01-01,98.7611,United States,USA
2017-02-01,98.3646,United States,USA
2017-03-01,99.0137,United States,USA
2017-04-01,100.0224,United States,USA
2017-05-01,100.1408,United States,USA
2017-06-01,100.3471,United States,USA
2017-07-01,100.1068,United States,USA
2017-08-01,99.6925,United States,USA
2017-09-01,99.7954,United States,USA
2017-10-01,101.0247,United States,USA
2017-11-01,101.2664,United States,USA
2017-12-01,101.4644,United States,USA
2018-01-01,101.4625,United States,USA
2018-02-01,101.7085,United States,USA
2018-03-01,102.2067,United States,USA
2018-04-01,103.3329,United States,USA
2018-05-01,102.4024,United States,USA
2018-06-01,103.198,United States,USA
2018-07-01,103.3646,United States,USA
2018-08-01,104.0327,United States,USA
2018-09-01,104.1004,United States,USA
2018-10-01,103.9856,United States,USA
2018-11-01,104.0681,United States,USA
2018-12-01,104.0936,United States,USA
2019-01-01,103.4021,United States,USA
2019-02-01,102.8371,United States,USA
2019-03-01,102.8757,United States,USA
2019-04-01,102.274,United States,USA
2019-05-01,102.392,United States,USA
2019-06-01,102.4375,United States,USA
2019-07-01,101.9408,United States,USA
2019-08-01,102.639,United States,USA
2019-09-01,102.2917,United States,USA
2019-10-01,101.4281,United States,USA
2019-11-01,101.9372,United States,USA
2019-12-01,101.7003,United States,USA
2020-01-01,101.0338,United States,USA
2020-02-01,101.3735,United States,USA
2020-03-01,97.4078,United States,USA
2020-04-01,84.5619,United States,USA
2020-05-01,85.9604,United States,USA
2020-06-01,91.5934,United States,USA
2020-07-01,95.0256,United States,USA
2020-08-01,95.9549,United States,USA
2020-09-01,95.9669,United States,USA
2020-10-01,96.7394,United States,USA
2020-11-01,97.0816,United States,USA
2020-12-01,98.363,United States,USA
2021-01-01,98.8822,United States,USA
2021-02-01,95.6149,United States,USA
2021-03-01,98.3856,United States,USA
2021-04-01,98.5587,United States,USA
2021-05-01,99.4333,United States,USA
2021-06-01,99.7987,United States,USA
2021-07-01,100.2519,United States,USA
2021-08-01,100.0437,United States,USA
2021-09-01,98.8579,United States,USA
2021-10-01,100.1861,United States,USA
2021-11-01,100.8654,United States,USA
2021-12-01,100.5726,United States,USA
2022-01-01,100.1856,United States,USA
2022-02-01,100.8064,United States,USA
2022-03-01,101.3907,United States,USA
2022-04-01,101.44,United States,USA
2022-05-01,101.3335,United States,USA
2022-06-01,101.018,United States,USA
2022-07-01,101.223,United States,USA
2022-08-01,101.0963,United States,USA
2022-09-01,101.2918,United States,USA
2022-10-01,101.2529,United States,USA
2022-11-01,100.9552,United States,USA
2022-12-01,99.7664,United States,USA
2023-01-01,100.505,United States,USA
2023-02-01,100.6416,United States,USA
2023-03-01,101.0205,United States,USA
2023-04-01,101.253,United States,USA
2023-05-01,100.9286,United States,USA
2023-06-01,100.1196,United States,USA
2023-07-01,100.9067,United States,USA
2023-08-01,100.8393,United States,USA
2023-09-01,101.0211,United States,USA
2023-10-01,100.4689,United States,USA
2023-11-01,100.8639,United States,USA
2023-12-01,100.6031,United States,USA
2024-01-01,99.2223,United States,USA
2024-02-01,100.285,United States,USA
2024-03-01,100.4575,United States,USA
2024-04-01,100.2434,United States,USA
2024-05-01,100.863,United States,USA
2024-06-01,100.894,United States,USA
2024-07-01,99.9757,United States,USA
2024-08-01,100.4309,United States,USA
2024-09-01,99.8084,United States,USA
2024-10-01,99.4695,United States,USA
2024-11-01,99.2925,United States,USA
2024-12-01,100.3273,United States,USA
